{
  "Train": {
    "report": {
      "MSE": 0.9441225528717041,
      "MAE": 0.6983066201210022,
      "MAPE": 14.142921447753906,
      "R^2": -4.278434626166309,
      "prediction_time": 59.09149932861328,
      "training_time": "0:08:57.709493"
    }
  },
  "Validation": {
    "report": {
      "MSE": 0.9369484186172485,
      "MAE": 0.6988520622253418,
      "MAPE": 14.143867492675781,
      "R^2": -4.276330183721082,
      "prediction_time": 11.660518407821655
    }
  },
  "Test": {
    "report": {
      "MSE": 0.9554972648620605,
      "MAE": 0.7051053047180176,
      "MAPE": 58.4361457824707,
      "R^2": -4.218143710135933,
      "prediction_time": 11.799435377120972
    }
  }
}