{
  "Train": {
    "report": {
      "MSE": 0.16013945639133453,
      "MAE": 0.183458611369133,
      "MAPE": 11.088114738464355,
      "R^2": 0.773423303017243,
      "prediction_time": 4.43026065826416,
      "training_time": "0:01:23.877915"
    }
  },
  "Validation": {
    "report": {
      "MSE": 0.8778999447822571,
      "MAE": 0.5984606146812439,
      "MAPE": 13.678817749023438,
      "R^2": -0.2620767009053484,
      "prediction_time": 1.1109962463378906
    }
  },
  "Test": {
    "report": {
      "MSE": 0.6951407790184021,
      "MAE": 0.5351677536964417,
      "MAPE": 38.751609802246094,
      "R^2": -0.01526143292876192,
      "prediction_time": 1.0951449871063232
    }
  }
}