{
  "Train": {
    "report": {
      "MSE": 0.7209069728851318,
      "MAE": 0.5849590301513672,
      "MAPE": 10.623626708984375,
      "R^2": -1.9212928267443545,
      "prediction_time": 13.07918930053711,
      "training_time": "0:02:58.372285"
    }
  },
  "Validation": {
    "report": {
      "MSE": 0.997261643409729,
      "MAE": 0.7096678018569946,
      "MAPE": 14.497476577758789,
      "R^2": -2.887670929109079,
      "prediction_time": 3.065965175628662
    }
  },
  "Test": {
    "report": {
      "MSE": 0.72832852602005,
      "MAE": 0.6299179792404175,
      "MAPE": 11.433248519897461,
      "R^2": -2.0000309242607623,
      "prediction_time": 3.017237424850464
    }
  }
}