{
  "Train": {
    "report": {
      "MSE": 0.6569366455078125,
      "MAE": 0.5428364872932434,
      "MAPE": 12.764155387878418,
      "R^2": -1.433166445252199,
      "prediction_time": 12.770902395248413,
      "training_time": "0:04:16.621118"
    }
  },
  "Validation": {
    "report": {
      "MSE": 0.979019284248352,
      "MAE": 0.7003225088119507,
      "MAPE": 10.551556587219238,
      "R^2": -2.6039704793729155,
      "prediction_time": 3.1315181255340576
    }
  },
  "Test": {
    "report": {
      "MSE": 0.7224608063697815,
      "MAE": 0.6243807673454285,
      "MAPE": 20.21178436279297,
      "R^2": -1.7808240902065098,
      "prediction_time": 3.0791139602661133
    }
  }
}