{
  "Train": {
    "report": {
      "MSE": 0.57254958152771,
      "MAE": 0.4772000312805176,
      "MAPE": 4.745036602020264,
      "R^2": -0.0484892237858876,
      "prediction_time": 37.887624979019165,
      "training_time": "0:07:06.098530"
    }
  },
  "Validation": {
    "report": {
      "MSE": 0.5864011645317078,
      "MAE": 0.48688805103302,
      "MAPE": 7.40531587600708,
      "R^2": -0.07855379644312999,
      "prediction_time": 9.235293865203857
    }
  },
  "Test": {
    "report": {
      "MSE": 0.5587738156318665,
      "MAE": 0.4729929566383362,
      "MAPE": 4.550409317016602,
      "R^2": -0.03272698680928854,
      "prediction_time": 20.548545598983765
    }
  }
}