{
  "Train": {
    "report": {
      "MSE": 1.0160424709320068,
      "MAE": 0.6974286437034607,
      "MAPE": 13.14415454864502,
      "R^2": -5.524808432087902,
      "prediction_time": 58.05529856681824,
      "training_time": "0:11:11.767267"
    }
  },
  "Validation": {
    "report": {
      "MSE": 1.0106605291366577,
      "MAE": 0.6995392441749573,
      "MAPE": 13.884665489196777,
      "R^2": -5.51019834287762,
      "prediction_time": 16.385196685791016
    }
  },
  "Test": {
    "report": {
      "MSE": 1.0282129049301147,
      "MAE": 0.7060173153877258,
      "MAPE": 13.148750305175781,
      "R^2": -5.457825906980523,
      "prediction_time": 14.497428894042969
    }
  }
}