{
  "Train": {
    "report": {
      "MSE": 0.041513506323099136,
      "MAE": 0.1010628268122673,
      "MAPE": 1.268622875213623,
      "R^2": 0.9569016969795358,
      "prediction_time": 29.628671169281006,
      "training_time": "0:12:27.708161"
    }
  },
  "Validation": {
    "report": {
      "MSE": 0.038558781147003174,
      "MAE": 0.10085117816925049,
      "MAPE": 1.0339707136154175,
      "R^2": 0.9606139611792177,
      "prediction_time": 7.66301703453064
    }
  },
  "Test": {
    "report": {
      "MSE": 0.04967901483178139,
      "MAE": 0.09958528727293015,
      "MAPE": 0.8724349737167358,
      "R^2": 0.9473520433250351,
      "prediction_time": 15.911641597747803
    }
  }
}