{
  "Train": {
    "report": {
      "MSE": 0.6010333299636841,
      "MAE": 0.5083513259887695,
      "MAPE": 2.9345176219940186,
      "R^2": -0.5460461943685058,
      "prediction_time": 11.289461135864258,
      "training_time": "0:02:02.835864"
    }
  },
  "Validation": {
    "report": {
      "MSE": 0.6210960149765015,
      "MAE": 0.520907998085022,
      "MAPE": 3.7559804916381836,
      "R^2": -0.6097416543089953,
      "prediction_time": 3.0342555046081543
    }
  },
  "Test": {
    "report": {
      "MSE": 0.5854900479316711,
      "MAE": 0.5051965713500977,
      "MAPE": 2.7618038654327393,
      "R^2": -0.513973613560816,
      "prediction_time": 6.198792219161987
    }
  }
}