{
  "Train": {
    "report": {
      "MSE": 0.5835089087486267,
      "MAE": 0.4777914881706238,
      "MAPE": 8.430798530578613,
      "R^2": -0.03843253808850822,
      "prediction_time": 37.55481767654419,
      "training_time": "0:08:43.881543"
    }
  },
  "Validation": {
    "report": {
      "MSE": 0.5952830910682678,
      "MAE": 0.48624780774116516,
      "MAPE": 5.187836170196533,
      "R^2": -0.06439508767630886,
      "prediction_time": 8.486851215362549
    }
  },
  "Test": {
    "report": {
      "MSE": 0.569669246673584,
      "MAE": 0.4736635088920593,
      "MAPE": 5.326601982116699,
      "R^2": -0.021846306301084972,
      "prediction_time": 18.098318338394165
    }
  }
}