{
  "Train": {
    "report": {
      "MSE": 0.026026908308267593,
      "MAE": 0.09384051710367203,
      "MAPE": 0.7395963072776794,
      "R^2": 0.9690615952305449,
      "prediction_time": 26.948045015335083,
      "training_time": "0:06:28.678093"
    }
  },
  "Validation": {
    "report": {
      "MSE": 0.79764324426651,
      "MAE": 0.5465267300605774,
      "MAPE": 4.738974094390869,
      "R^2": 0.04599506364025996,
      "prediction_time": 5.82391619682312
    }
  },
  "Test": {
    "report": {
      "MSE": 0.649890124797821,
      "MAE": 0.492976576089859,
      "MAPE": 4.4885149002075195,
      "R^2": 0.18838640523018446,
      "prediction_time": 6.4271461963653564
    }
  }
}