{
  "Train": {
    "report": {
      "MSE": 0.034903258085250854,
      "MAE": 0.09133103489875793,
      "MAPE": 1.2213211059570312,
      "R^2": 0.9633964121496513,
      "prediction_time": 38.22860050201416,
      "training_time": "0:14:06.191257"
    }
  },
  "Validation": {
    "report": {
      "MSE": 0.034879639744758606,
      "MAE": 0.09306922554969788,
      "MAPE": 0.9472952485084534,
      "R^2": 0.9636741349302174,
      "prediction_time": 10.11842942237854
    }
  },
  "Test": {
    "report": {
      "MSE": 0.04772821441292763,
      "MAE": 0.09362522512674332,
      "MAPE": 1.5028948783874512,
      "R^2": 0.9486119064563179,
      "prediction_time": 20.39687967300415
    }
  }
}