{
  "Train": {
    "report": {
      "MSE": 0.9739392995834351,
      "MAE": 0.6945193409919739,
      "MAPE": 12.109719276428223,
      "R^2": -4.526805508704837,
      "prediction_time": 887.8690679073334,
      "training_time": "0:16:26.476784"
    }
  },
  "Validation": {
    "report": {
      "MSE": 0.9684612154960632,
      "MAE": 0.6954070329666138,
      "MAPE": 14.861743927001953,
      "R^2": -4.520205541118742,
      "prediction_time": 160.3329563140869
    }
  },
  "Test": {
    "report": {
      "MSE": 0.9833608269691467,
      "MAE": 0.7005615234375,
      "MAPE": 11.244950294494629,
      "R^2": -4.434620874968982,
      "prediction_time": 184.56924271583557
    }
  }
}