{
  "Train": {
    "report": {
      "MSE": 1.0802058186052832,
      "MAE": 0.7854286288089017,
      "MAPE": 4.976396720117326,
      "R^2": -0.07491865804165632,
      "prediction_time": 0.00029540061950683594,
      "training_time": 0.004192829132080078
    }
  },
  "Test": {
    "report": {
      "MSE": 1.047181432735379,
      "MAE": 0.7746246264487259,
      "MAPE": 4.717113662945489,
      "R^2": -0.06980023131687063,
      "prediction_time": 0.00015997886657714844
    }
  }
}