{
  "Train": {
    "report": {
      "MSE": 1.0724271535873413,
      "MAE": 0.7054364085197449,
      "MAPE": 17.728609085083008,
      "R^2": -9.27824690093382,
      "prediction_time": 52.87266182899475,
      "training_time": "0:03:51.239464"
    }
  },
  "Validation": {
    "report": {
      "MSE": 1.0638824701309204,
      "MAE": 0.7064029574394226,
      "MAPE": 14.054832458496094,
      "R^2": -9.210380536084728,
      "prediction_time": 11.931040287017822
    }
  },
  "Test": {
    "report": {
      "MSE": 1.0791733264923096,
      "MAE": 0.7106875777244568,
      "MAPE": 18.078750610351562,
      "R^2": -9.128822336927067,
      "prediction_time": 11.682793617248535
    }
  }
}