{
  "Train": {
    "report": {
      "MSE": 0.5994375348091125,
      "MAE": 0.509792149066925,
      "MAPE": 6.8244147300720215,
      "R^2": -0.49127070110658866,
      "prediction_time": 10.85619068145752,
      "training_time": "0:02:33.155916"
    }
  },
  "Validation": {
    "report": {
      "MSE": 0.6180741786956787,
      "MAE": 0.5215656757354736,
      "MAPE": 4.9869232177734375,
      "R^2": -0.5496470370712412,
      "prediction_time": 2.8754537105560303
    }
  },
  "Test": {
    "report": {
      "MSE": 0.584265410900116,
      "MAE": 0.5067097544670105,
      "MAPE": 5.394471168518066,
      "R^2": -0.4619440146295932,
      "prediction_time": 5.849749565124512
    }
  }
}