{
  "Train": {
    "report": {
      "MSE": 1.016518235206604,
      "MAE": 0.7004543542861938,
      "MAPE": 15.606375694274902,
      "R^2": -6.381615818077966,
      "prediction_time": 46.85082960128784,
      "training_time": "0:05:18.687114"
    }
  },
  "Validation": {
    "report": {
      "MSE": 1.009233832359314,
      "MAE": 0.7008081078529358,
      "MAPE": 14.858753204345703,
      "R^2": -6.343094644610519,
      "prediction_time": 9.176295757293701
    }
  },
  "Test": {
    "report": {
      "MSE": 1.0229674577713013,
      "MAE": 0.7055774331092834,
      "MAPE": 16.36526870727539,
      "R^2": -6.2499687104595765,
      "prediction_time": 9.346940994262695
    }
  }
}