{
  "Train": {
    "report": {
      "MSE": 0.04708487167954445,
      "MAE": 0.11095636337995529,
      "MAPE": 0.9486254453659058,
      "R^2": 0.9503691511297635,
      "prediction_time": 32.416446685791016,
      "training_time": "0:10:49.810096"
    }
  },
  "Validation": {
    "report": {
      "MSE": 0.04473695158958435,
      "MAE": 0.1114884689450264,
      "MAPE": 0.8967366814613342,
      "R^2": 0.9531416520032313,
      "prediction_time": 8.418954133987427
    }
  },
  "Test": {
    "report": {
      "MSE": 0.05683904513716698,
      "MAE": 0.11010712385177612,
      "MAPE": 1.422337293624878,
      "R^2": 0.9384897672039869,
      "prediction_time": 18.06786608695984
    }
  }
}