{
  "Train": {
    "report": {
      "MSE": 0.7312111854553223,
      "MAE": 0.5769814848899841,
      "MAPE": 20.91810417175293,
      "R^2": -2.4929305741541485,
      "prediction_time": 15.811111450195312,
      "training_time": "0:01:34.713043"
    }
  },
  "Validation": {
    "report": {
      "MSE": 1.0172666311264038,
      "MAE": 0.7053903341293335,
      "MAPE": 17.87364387512207,
      "R^2": -3.8227251202076618,
      "prediction_time": 3.8306527137756348
    }
  },
  "Test": {
    "report": {
      "MSE": 0.7624949812889099,
      "MAE": 0.6384539008140564,
      "MAPE": 21.239809036254883,
      "R^2": -2.8099637435774927,
      "prediction_time": 3.508643388748169
    }
  }
}