{
  "Train": {
    "report": {
      "MSE": 1.0890003442764282,
      "MAE": 0.7029199600219727,
      "MAPE": 15.633285522460938,
      "R^2": -9.253575807051362,
      "prediction_time": 67.52172231674194,
      "training_time": "0:07:18.437346"
    }
  },
  "Validation": {
    "report": {
      "MSE": 1.082388162612915,
      "MAE": 0.7047189474105835,
      "MAPE": 9.598807334899902,
      "R^2": -9.22012753932708,
      "prediction_time": 12.662906646728516
    }
  },
  "Test": {
    "report": {
      "MSE": 1.0962015390396118,
      "MAE": 0.7086475491523743,
      "MAPE": 9.084976196289062,
      "R^2": -9.0931282870463,
      "prediction_time": 11.276341676712036
    }
  }
}