{
  "Train": {
    "report": {
      "MSE": 0.9910858869552612,
      "MAE": 0.687860906124115,
      "MAPE": 22.454437255859375,
      "R^2": -4.278461946955932,
      "prediction_time": 58.13175988197327,
      "training_time": "0:14:44.284362"
    }
  },
  "Validation": {
    "report": {
      "MSE": 0.9897761344909668,
      "MAE": 0.6918872594833374,
      "MAPE": 14.617539405822754,
      "R^2": -4.345750144982849,
      "prediction_time": 12.074477195739746
    }
  },
  "Test": {
    "report": {
      "MSE": 1.0036885738372803,
      "MAE": 0.6960543990135193,
      "MAPE": 15.197732925415039,
      "R^2": -4.24858251591583,
      "prediction_time": 11.94683575630188
    }
  }
}