{
  "Train": {
    "report": {
      "MSE": 0.9714550375938416,
      "MAE": 0.7008616924285889,
      "MAPE": 13.611584663391113,
      "R^2": -4.078743982641559,
      "prediction_time": 13.670819520950317,
      "training_time": "0:02:40.006381"
    }
  },
  "Validation": {
    "report": {
      "MSE": 0.9503470063209534,
      "MAE": 0.6974425315856934,
      "MAPE": 13.53672981262207,
      "R^2": -3.9522400458710347,
      "prediction_time": 2.8938300609588623
    }
  },
  "Test": {
    "report": {
      "MSE": 0.973357617855072,
      "MAE": 0.7024299502372742,
      "MAPE": 14.775739669799805,
      "R^2": -4.003744174309095,
      "prediction_time": 3.6152477264404297
    }
  }
}