{
  "Train": {
    "report": {
      "MSE": 1.0538370609283447,
      "MAE": 0.69955974817276,
      "MAPE": 2647316736.0,
      "R^2": -6.063342136687877,
      "prediction_time": 53.36620903015137,
      "training_time": "0:08:27.588861"
    }
  },
  "Validation": {
    "report": {
      "MSE": 1.0495530366897583,
      "MAE": 0.7008771300315857,
      "MAPE": 11.713345527648926,
      "R^2": -6.052401824402666,
      "prediction_time": 11.895864725112915
    }
  },
  "Test": {
    "report": {
      "MSE": 1.059300184249878,
      "MAE": 0.7049627900123596,
      "MAPE": 21.451068878173828,
      "R^2": -5.959607893007274,
      "prediction_time": 12.239301681518555
    }
  }
}