{
  "Train": {
    "report": {
      "MSE": 0.6086920499801636,
      "MAE": 0.5124644041061401,
      "MAPE": 5.135779857635498,
      "R^2": -0.5809408236238613,
      "prediction_time": 10.911332130432129,
      "training_time": "0:01:16.080333"
    }
  },
  "Validation": {
    "report": {
      "MSE": 0.6265318393707275,
      "MAE": 0.5236278772354126,
      "MAPE": 4.993416786193848,
      "R^2": -0.6419210858356523,
      "prediction_time": 2.8328278064727783
    }
  },
  "Test": {
    "report": {
      "MSE": 0.5914742946624756,
      "MAE": 0.5090440511703491,
      "MAPE": 4.324623107910156,
      "R^2": -0.5432851594182091,
      "prediction_time": 5.7287821769714355
    }
  }
}