{
  "Train": {
    "report": {
      "MSE": 0.5968087911605835,
      "MAE": 0.48954761028289795,
      "MAPE": 8.290792465209961,
      "R^2": -0.15511210563298916,
      "prediction_time": 30.225087881088257,
      "training_time": "0:08:35.729470"
    }
  },
  "Validation": {
    "report": {
      "MSE": 0.6086161136627197,
      "MAE": 0.49805280566215515,
      "MAPE": 8.414591789245605,
      "R^2": -0.18430682097796924,
      "prediction_time": 6.788512945175171
    }
  },
  "Test": {
    "report": {
      "MSE": 0.5798854231834412,
      "MAE": 0.48415833711624146,
      "MAPE": 9.16377067565918,
      "R^2": -0.1315142045069162,
      "prediction_time": 16.946227073669434
    }
  }
}