{
  "Train": {
    "report": {
      "MSE": 0.9371727108955383,
      "MAE": 0.7021357417106628,
      "MAPE": 11.944558143615723,
      "R^2": -3.055899017362756,
      "prediction_time": 14.5385000705719,
      "training_time": "0:01:10.610911"
    }
  },
  "Validation": {
    "report": {
      "MSE": 0.9151451587677002,
      "MAE": 0.6978273391723633,
      "MAPE": 10.372393608093262,
      "R^2": -2.95133440530588,
      "prediction_time": 3.4201338291168213
    }
  },
  "Test": {
    "report": {
      "MSE": 0.9380678534507751,
      "MAE": 0.7031863927841187,
      "MAPE": 16.472232818603516,
      "R^2": -2.977874125829092,
      "prediction_time": 3.437448740005493
    }
  }
}