{
  "Train": {
    "report": {
      "MSE": 0.26560264825820923,
      "MAE": 0.2839030623435974,
      "MAPE": 3.29590106010437,
      "R^2": 0.5737555238799337,
      "prediction_time": 14.1378014087677,
      "training_time": "0:04:58.263274"
    }
  },
  "Validation": {
    "report": {
      "MSE": 0.8803197145462036,
      "MAE": 0.6302037239074707,
      "MAPE": 8.752820014953613,
      "R^2": -0.42450458633493304,
      "prediction_time": 3.2738404273986816
    }
  },
  "Test": {
    "report": {
      "MSE": 0.6966624855995178,
      "MAE": 0.5705670118331909,
      "MAPE": 8.47165298461914,
      "R^2": -0.13200282251785822,
      "prediction_time": 3.200981616973877
    }
  }
}