{
  "Train": {
    "report": {
      "MSE": 0.5814849138259888,
      "MAE": 0.47542858123779297,
      "MAPE": 6.060607433319092,
      "R^2": -0.05112283387327077,
      "prediction_time": 33.417834758758545,
      "training_time": "0:13:03.661427"
    }
  },
  "Validation": {
    "report": {
      "MSE": 0.5957762002944946,
      "MAE": 0.4848997890949249,
      "MAPE": 5.189933776855469,
      "R^2": -0.0814123226125203,
      "prediction_time": 8.7460458278656
    }
  },
  "Test": {
    "report": {
      "MSE": 0.5667281746864319,
      "MAE": 0.47054627537727356,
      "MAPE": 6.188284873962402,
      "R^2": -0.03327931287120256,
      "prediction_time": 17.760369300842285
    }
  }
}