{
  "Train": {
    "report": {
      "MSE": 0.671104907989502,
      "MAE": 0.5621148347854614,
      "MAPE": 40.75537872314453,
      "R^2": -2.1188752262260535,
      "prediction_time": 3.7538390159606934,
      "training_time": "0:00:47.843422"
    }
  },
  "Validation": {
    "report": {
      "MSE": 0.9692554473876953,
      "MAE": 0.6980107426643372,
      "MAPE": 45.577972412109375,
      "R^2": -3.388692528794669,
      "prediction_time": 0.8827836513519287
    }
  },
  "Test": {
    "report": {
      "MSE": 0.7262431383132935,
      "MAE": 0.6292213201522827,
      "MAPE": 39.64150619506836,
      "R^2": -2.5258635316162206,
      "prediction_time": 0.944002628326416
    }
  }
}