{
  "Train": {
    "report": {
      "MSE": 0.584945559501648,
      "MAE": 0.4775647521018982,
      "MAPE": 5.7259416580200195,
      "R^2": 0.023316353116341837,
      "prediction_time": 125.50720310211182,
      "training_time": "0:09:55.621975"
    }
  },
  "Validation": {
    "report": {
      "MSE": 0.5955936908721924,
      "MAE": 0.4858969449996948,
      "MAPE": 22.106914520263672,
      "R^2": 0.002064633540703742,
      "prediction_time": 27.681156635284424
    }
  },
  "Test": {
    "report": {
      "MSE": 0.5717480182647705,
      "MAE": 0.4732445180416107,
      "MAPE": 5.193109035491943,
      "R^2": 0.03778472646472297,
      "prediction_time": 65.53901743888855
    }
  }
}