{
  "Train": {
    "report": {
      "MSE": 1.0537108182907104,
      "MAE": 0.7249701619148254,
      "MAPE": 11.452378273010254,
      "R^2": -5.726500415867515,
      "prediction_time": 548.4266123771667,
      "training_time": "0:10:45.956856"
    }
  },
  "Validation": {
    "report": {
      "MSE": 1.0338237285614014,
      "MAE": 0.7221941947937012,
      "MAPE": 9.033489227294922,
      "R^2": -5.450786481147407,
      "prediction_time": 100.29193830490112
    }
  },
  "Test": {
    "report": {
      "MSE": 1.057922124862671,
      "MAE": 0.7309939861297607,
      "MAPE": 8.371624946594238,
      "R^2": -5.608806550982714,
      "prediction_time": 100.81300354003906
    }
  }
}