{
  "Train": {
    "report": {
      "MSE": 0.6100451350212097,
      "MAE": 0.5111225843429565,
      "MAPE": 1.937515139579773,
      "R^2": -0.6193180581896143,
      "prediction_time": 8.672171115875244,
      "training_time": "0:02:09.072156"
    }
  },
  "Validation": {
    "report": {
      "MSE": 0.6283543109893799,
      "MAE": 0.5225822925567627,
      "MAPE": 1.9670312404632568,
      "R^2": -0.685549274986681,
      "prediction_time": 1.6759214401245117
    }
  },
  "Test": {
    "report": {
      "MSE": 0.5957481265068054,
      "MAE": 0.5075545907020569,
      "MAPE": 1.8823013305664062,
      "R^2": -0.5800675623137552,
      "prediction_time": 4.375837087631226
    }
  }
}