{
  "Train": {
    "report": {
      "MSE": 0.9842867255210876,
      "MAE": 0.7157646417617798,
      "MAPE": 9.136155128479004,
      "R^2": -10.090083656614466,
      "prediction_time": 885.4569599628448,
      "training_time": "0:09:30.414993"
    }
  },
  "Validation": {
    "report": {
      "MSE": 0.9707537889480591,
      "MAE": 0.7148048281669617,
      "MAPE": 13.080583572387695,
      "R^2": -10.086937745498846,
      "prediction_time": 174.1898272037506
    }
  },
  "Test": {
    "report": {
      "MSE": 0.9934660196304321,
      "MAE": 0.7199456095695496,
      "MAPE": 14.204012870788574,
      "R^2": -10.066639523586746,
      "prediction_time": 194.59195947647095
    }
  }
}