{
  "Train": {
    "report": {
      "MSE": 1.0118753910064697,
      "MAE": 0.6976562738418579,
      "MAPE": 28.184640884399414,
      "R^2": -4.439337914004421,
      "prediction_time": 52.5246262550354,
      "training_time": "0:09:49.401633"
    }
  },
  "Validation": {
    "report": {
      "MSE": 1.0054622888565063,
      "MAE": 0.6984737515449524,
      "MAPE": 11.159402847290039,
      "R^2": -4.409757140573664,
      "prediction_time": 11.348360061645508
    }
  },
  "Test": {
    "report": {
      "MSE": 1.0213079452514648,
      "MAE": 0.7043173909187317,
      "MAPE": 18.404430389404297,
      "R^2": -4.351277766203984,
      "prediction_time": 11.689116954803467
    }
  }
}