{
  "Train": {
    "report": {
      "MSE": 0.2939304709434509,
      "MAE": 0.2890797257423401,
      "MAPE": 3.3353724479675293,
      "R^2": 0.5228800698845986,
      "prediction_time": 4.126929759979248,
      "training_time": "0:01:21.850075"
    }
  },
  "Validation": {
    "report": {
      "MSE": 0.9318231344223022,
      "MAE": 0.6421838998794556,
      "MAPE": 5.769208908081055,
      "R^2": -0.5412493127345521,
      "prediction_time": 0.996596097946167
    }
  },
  "Test": {
    "report": {
      "MSE": 0.7324948310852051,
      "MAE": 0.5794655680656433,
      "MAPE": 7.017326354980469,
      "R^2": -0.23248453030582783,
      "prediction_time": 1.0096266269683838
    }
  }
}