{
  "Train": {
    "report": {
      "MSE": 0.04912698268890381,
      "MAE": 0.11204390972852707,
      "MAPE": 0.9174428582191467,
      "R^2": 0.9466482224210686,
      "prediction_time": 37.14267349243164,
      "training_time": "0:09:36.959552"
    }
  },
  "Validation": {
    "report": {
      "MSE": 0.046045079827308655,
      "MAE": 0.1121295616030693,
      "MAPE": 0.9161591529846191,
      "R^2": 0.9509575752852155,
      "prediction_time": 10.00771713256836
    }
  },
  "Test": {
    "report": {
      "MSE": 0.05581492930650711,
      "MAE": 0.11055534332990646,
      "MAPE": 0.9614197611808777,
      "R^2": 0.9383238909747068,
      "prediction_time": 23.26333212852478
    }
  }
}