{
  "Train": {
    "report": {
      "MSE": 0.6681024432182312,
      "MAE": 0.54767245054245,
      "MAPE": 14.32958698272705,
      "R^2": -1.6072356883497352,
      "prediction_time": 3.908534049987793,
      "training_time": "0:00:29.580381"
    }
  },
  "Validation": {
    "report": {
      "MSE": 1.0069643259048462,
      "MAE": 0.7057056427001953,
      "MAPE": 12.62092399597168,
      "R^2": -2.913749423075863,
      "prediction_time": 0.9620497226715088
    }
  },
  "Test": {
    "report": {
      "MSE": 0.7311647534370422,
      "MAE": 0.6269853115081787,
      "MAPE": 10.242271423339844,
      "R^2": -1.9986008297221458,
      "prediction_time": 0.8962006568908691
    }
  }
}