{
  "Train": {
    "report": {
      "MSE": 0.6019330620765686,
      "MAE": 0.5099272131919861,
      "MAPE": 4.6042985916137695,
      "R^2": -0.5199555776707621,
      "prediction_time": 10.675349712371826,
      "training_time": "0:01:53.484091"
    }
  },
  "Validation": {
    "report": {
      "MSE": 0.6203975081443787,
      "MAE": 0.521669864654541,
      "MAPE": 4.00134801864624,
      "R^2": -0.5815607417908213,
      "prediction_time": 2.8820316791534424
    }
  },
  "Test": {
    "report": {
      "MSE": 0.585629403591156,
      "MAE": 0.5064709782600403,
      "MAPE": 9.611451148986816,
      "R^2": -0.4888947622304505,
      "prediction_time": 5.852537393569946
    }
  }
}