{
  "Train": {
    "report": {
      "MSE": 0.6017152667045593,
      "MAE": 0.510339617729187,
      "MAPE": 2.805934429168701,
      "R^2": -0.34471603639365256,
      "prediction_time": 10.375792026519775,
      "training_time": "0:02:02.715910"
    }
  },
  "Validation": {
    "report": {
      "MSE": 0.6212756633758545,
      "MAE": 0.5229082703590393,
      "MAPE": 3.0275607109069824,
      "R^2": -0.40168025765055426,
      "prediction_time": 2.916602611541748
    }
  },
  "Test": {
    "report": {
      "MSE": 0.5877957940101624,
      "MAE": 0.507800281047821,
      "MAPE": 2.8196187019348145,
      "R^2": -0.3238028549962857,
      "prediction_time": 5.997750520706177
    }
  }
}