{
  "Train": {
    "report": {
      "MSE": 0.04863336309790611,
      "MAE": 0.11620962619781494,
      "MAPE": 0.8651838898658752,
      "R^2": 0.9506592389745011,
      "prediction_time": 31.59779381752014,
      "training_time": "0:09:24.752847"
    }
  },
  "Validation": {
    "report": {
      "MSE": 0.04688287898898125,
      "MAE": 0.11651375144720078,
      "MAPE": 0.8094547390937805,
      "R^2": 0.9528029730987991,
      "prediction_time": 8.015392541885376
    }
  },
  "Test": {
    "report": {
      "MSE": 0.05677730590105057,
      "MAE": 0.11390656232833862,
      "MAPE": 1.0931440591812134,
      "R^2": 0.9411118462556489,
      "prediction_time": 16.914032697677612
    }
  }
}