{
  "Train": {
    "report": {
      "MSE": 0.9616352319717407,
      "MAE": 0.697547435760498,
      "MAPE": 19.00226402282715,
      "R^2": -5.162064453843874,
      "prediction_time": 14.719191789627075,
      "training_time": "0:02:00.722162"
    }
  },
  "Validation": {
    "report": {
      "MSE": 0.9424446225166321,
      "MAE": 0.6946685314178467,
      "MAPE": 14.384522438049316,
      "R^2": -5.041092425888591,
      "prediction_time": 3.439342737197876
    }
  },
  "Test": {
    "report": {
      "MSE": 0.9632897973060608,
      "MAE": 0.6996629238128662,
      "MAPE": 12.625834465026855,
      "R^2": -5.058645438233632,
      "prediction_time": 3.0452892780303955
    }
  }
}