{
  "Train": {
    "report": {
      "MSE": 0.575316309928894,
      "MAE": 0.48308777809143066,
      "MAPE": 10.26663875579834,
      "R^2": -0.17190535545295882,
      "prediction_time": 39.9772846698761,
      "training_time": "0:05:00.350405"
    }
  },
  "Validation": {
    "report": {
      "MSE": 0.5872445702552795,
      "MAE": 0.4917617440223694,
      "MAPE": 9.692819595336914,
      "R^2": -0.20030943354297848,
      "prediction_time": 8.995668888092041
    }
  },
  "Test": {
    "report": {
      "MSE": 0.5591448545455933,
      "MAE": 0.4778556227684021,
      "MAPE": 10.527246475219727,
      "R^2": -0.14520753820984966,
      "prediction_time": 17.71216917037964
    }
  }
}