{
  "Train": {
    "report": {
      "MSE": 0.9346437454223633,
      "MAE": 0.6993958353996277,
      "MAPE": 12.47341537475586,
      "R^2": -2.901219182033244,
      "prediction_time": 14.883927345275879,
      "training_time": "0:01:52.137339"
    }
  },
  "Validation": {
    "report": {
      "MSE": 0.9154434204101562,
      "MAE": 0.6952037811279297,
      "MAPE": 13.514609336853027,
      "R^2": -2.81792508477301,
      "prediction_time": 3.5311059951782227
    }
  },
  "Test": {
    "report": {
      "MSE": 0.9365935325622559,
      "MAE": 0.7010617852210999,
      "MAPE": 11.138397216796875,
      "R^2": -2.8422333518268887,
      "prediction_time": 3.502519369125366
    }
  }
}