{
  "Train": {
    "report": {
      "MSE": 0.06270501762628555,
      "MAE": 0.12396042048931122,
      "MAPE": 1.0930019617080688,
      "R^2": 0.9309877366418532,
      "prediction_time": 26.347777843475342,
      "training_time": "0:12:27.015267"
    }
  },
  "Validation": {
    "report": {
      "MSE": 0.059830036014318466,
      "MAE": 0.12334887683391571,
      "MAPE": 1.1594489812850952,
      "R^2": 0.9347382478224968,
      "prediction_time": 5.074872970581055
    }
  },
  "Test": {
    "report": {
      "MSE": 0.07148483395576477,
      "MAE": 0.12158488482236862,
      "MAPE": 1.0358891487121582,
      "R^2": 0.9198379268011236,
      "prediction_time": 12.51473331451416
    }
  }
}