{
  "Train": {
    "report": {
      "MSE": 0.050531886518001556,
      "MAE": 0.11266916245222092,
      "MAPE": 0.9342371821403503,
      "R^2": 0.9453708704625312,
      "prediction_time": 29.30295968055725,
      "training_time": "0:12:28.219860"
    }
  },
  "Validation": {
    "report": {
      "MSE": 0.04618474096059799,
      "MAE": 0.11185551434755325,
      "MAPE": 1.4327102899551392,
      "R^2": 0.9510397710578838,
      "prediction_time": 7.38971209526062
    }
  },
  "Test": {
    "report": {
      "MSE": 0.0557929165661335,
      "MAE": 0.10941414535045624,
      "MAPE": 1.0152326822280884,
      "R^2": 0.9386036347109934,
      "prediction_time": 15.239341497421265
    }
  }
}