{
  "Train": {
    "report": {
      "MSE": 46.088836669921875,
      "MAE": 0.5435316562652588,
      "MAPE": 24.372114181518555,
      "R^2": -0.004476003133331963,
      "prediction_time": 11.12862491607666,
      "training_time": "0:01:24.611234"
    }
  },
  "Validation": {
    "report": {
      "MSE": 0.6423727869987488,
      "MAE": 0.5290824174880981,
      "MAPE": 9.191264152526855,
      "R^2": -0.7269664992300335,
      "prediction_time": 2.933622360229492
    }
  },
  "Test": {
    "report": {
      "MSE": 9.547689437866211,
      "MAE": 0.5221124887466431,
      "MAPE": 7.477598667144775,
      "R^2": -0.023304151193370037,
      "prediction_time": 6.10533595085144
    }
  }
}