{
  "Train": {
    "report": {
      "MSE": 1.0037826299667358,
      "MAE": 0.697538435459137,
      "MAPE": 14.222432136535645,
      "R^2": -5.512669227088585,
      "prediction_time": 13.140095949172974,
      "training_time": "0:02:30.341789"
    }
  },
  "Validation": {
    "report": {
      "MSE": 0.9840582609176636,
      "MAE": 0.6947718858718872,
      "MAPE": 11.087752342224121,
      "R^2": -5.351536725441798,
      "prediction_time": 2.338895797729492
    }
  },
  "Test": {
    "report": {
      "MSE": 1.0023056268692017,
      "MAE": 0.6982924342155457,
      "MAPE": 11.634371757507324,
      "R^2": -5.39150459999241,
      "prediction_time": 2.806096076965332
    }
  }
}