{
  "Train": {
    "report": {
      "MSE": 0.9700683355331421,
      "MAE": 0.6978279948234558,
      "MAPE": 17.681501388549805,
      "R^2": -4.744245927852483,
      "prediction_time": 55.407108545303345,
      "training_time": "0:08:03.038772"
    }
  },
  "Validation": {
    "report": {
      "MSE": 0.962088406085968,
      "MAE": 0.6984425187110901,
      "MAPE": 19.38619041442871,
      "R^2": -4.747642430221307,
      "prediction_time": 11.824128150939941
    }
  },
  "Test": {
    "report": {
      "MSE": 0.9798061847686768,
      "MAE": 0.7038033604621887,
      "MAPE": 13.906423568725586,
      "R^2": -4.674729010653739,
      "prediction_time": 12.318977117538452
    }
  }
}