{
  "Train": {
    "report": {
      "MSE": 0.041415635496377945,
      "MAE": 0.09663931280374527,
      "MAPE": 1.360875129699707,
      "R^2": 0.9548335498749331,
      "prediction_time": 35.40680480003357,
      "training_time": "0:13:57.302675"
    }
  },
  "Validation": {
    "report": {
      "MSE": 0.04005608335137367,
      "MAE": 0.09801800549030304,
      "MAPE": 0.8673991560935974,
      "R^2": 0.9570375268420726,
      "prediction_time": 10.693850994110107
    }
  },
  "Test": {
    "report": {
      "MSE": 0.0489681102335453,
      "MAE": 0.09607793390750885,
      "MAPE": 0.8581920862197876,
      "R^2": 0.945397069005908,
      "prediction_time": 21.234267950057983
    }
  }
}