{
  "Train": {
    "report": {
      "MSE": 0.9674035906791687,
      "MAE": 0.7006849646568298,
      "MAPE": 7.776407241821289,
      "R^2": -2.823916083994325,
      "prediction_time": 14.32291293144226,
      "training_time": "0:02:20.442911"
    }
  },
  "Validation": {
    "report": {
      "MSE": 0.9426839351654053,
      "MAE": 0.6948138475418091,
      "MAPE": 9.701083183288574,
      "R^2": -2.701436461352972,
      "prediction_time": 3.456495761871338
    }
  },
  "Test": {
    "report": {
      "MSE": 0.9646892547607422,
      "MAE": 0.7011610865592957,
      "MAPE": 7.66084098815918,
      "R^2": -2.769264990109175,
      "prediction_time": 3.3415417671203613
    }
  }
}