{
  "Train": {
    "report": {
      "MSE": 0.9731361269950867,
      "MAE": 0.6985982656478882,
      "MAPE": 24.611753463745117,
      "R^2": -4.146734371046945,
      "prediction_time": 14.803972959518433,
      "training_time": "0:01:20.726572"
    }
  },
  "Validation": {
    "report": {
      "MSE": 0.9493168592453003,
      "MAE": 0.694096565246582,
      "MAPE": 12.672119140625,
      "R^2": -4.021452075307893,
      "prediction_time": 3.352525234222412
    }
  },
  "Test": {
    "report": {
      "MSE": 0.9747300744056702,
      "MAE": 0.7001199126243591,
      "MAPE": 10.926586151123047,
      "R^2": -4.044171915274157,
      "prediction_time": 3.4116146564483643
    }
  }
}