{
  "Train": {
    "report": {
      "MSE": 1.0078011751174927,
      "MAE": 0.6985333561897278,
      "MAPE": 19.21696662902832,
      "R^2": -4.94820857804203,
      "prediction_time": 14.685441255569458,
      "training_time": "0:02:10.023746"
    }
  },
  "Validation": {
    "report": {
      "MSE": 0.9826087355613708,
      "MAE": 0.6946979761123657,
      "MAPE": 21.759437561035156,
      "R^2": -4.7729910083154605,
      "prediction_time": 3.5297510623931885
    }
  },
  "Test": {
    "report": {
      "MSE": 1.007894515991211,
      "MAE": 0.6995872855186462,
      "MAPE": 15.542511940002441,
      "R^2": -4.863303347656611,
      "prediction_time": 3.436431884765625
    }
  }
}