{
  "Train": {
    "report": {
      "MSE": 0.7769191861152649,
      "MAE": 0.6358745694160461,
      "MAPE": 11.221643447875977,
      "R^2": -3.3020274371482117,
      "prediction_time": 109.10796475410461,
      "training_time": "0:12:30.048585"
    }
  },
  "Validation": {
    "report": {
      "MSE": 1.0439977645874023,
      "MAE": 0.7337725758552551,
      "MAPE": 13.328252792358398,
      "R^2": -4.268779114821366,
      "prediction_time": 22.735394954681396
    }
  },
  "Test": {
    "report": {
      "MSE": 0.7559654116630554,
      "MAE": 0.6585244536399841,
      "MAPE": 11.438783645629883,
      "R^2": -3.199340896777996,
      "prediction_time": 18.75622320175171
    }
  }
}