{
  "Train": {
    "report": {
      "MSE": 0.4340725541114807,
      "MAE": 0.4118545651435852,
      "MAPE": 11.155747413635254,
      "R^2": 0.03574469405715164,
      "prediction_time": 3.968853712081909,
      "training_time": "0:00:59.073289"
    }
  },
  "Validation": {
    "report": {
      "MSE": 0.947360634803772,
      "MAE": 0.6733849048614502,
      "MAPE": 7.515536308288574,
      "R^2": -1.1225239620181533,
      "prediction_time": 0.9748213291168213
    }
  },
  "Test": {
    "report": {
      "MSE": 0.7332903146743774,
      "MAE": 0.6138157248497009,
      "MAPE": 19.50912857055664,
      "R^2": -0.694582517899184,
      "prediction_time": 0.9932913780212402
    }
  }
}