{
  "Train": {
    "report": {
      "MSE": 0.5782440304756165,
      "MAE": 0.48085817694664,
      "MAPE": 8.076691627502441,
      "R^2": -0.00019959210747200196,
      "prediction_time": 33.37141799926758,
      "training_time": "0:05:58.790407"
    }
  },
  "Validation": {
    "report": {
      "MSE": 0.5911900997161865,
      "MAE": 0.4901418089866638,
      "MAPE": 4.261650562286377,
      "R^2": -0.023839897284845257,
      "prediction_time": 8.9399254322052
    }
  },
  "Test": {
    "report": {
      "MSE": 0.56416255235672,
      "MAE": 0.47640857100486755,
      "MAPE": 5.390984058380127,
      "R^2": 0.015533718712146816,
      "prediction_time": 19.120078325271606
    }
  }
}