{
  "Train": {
    "report": {
      "MSE": 0.703514814376831,
      "MAE": 0.5648751258850098,
      "MAPE": 10.209528923034668,
      "R^2": -1.7129731274890436,
      "prediction_time": 3.88128924369812,
      "training_time": "0:01:04.296462"
    }
  },
  "Validation": {
    "report": {
      "MSE": 0.9988707304000854,
      "MAE": 0.7083911895751953,
      "MAPE": 12.71467113494873,
      "R^2": -2.871372704216567,
      "prediction_time": 0.9450404644012451
    }
  },
  "Test": {
    "report": {
      "MSE": 0.7362800240516663,
      "MAE": 0.6339725852012634,
      "MAPE": 10.518908500671387,
      "R^2": -1.9276660370642338,
      "prediction_time": 0.9438619613647461
    }
  }
}