{
  "Train": {
    "report": {
      "MSE": 0.8216221332550049,
      "MAE": 0.6623547673225403,
      "MAPE": 62.97383117675781,
      "R^2": -5.8923206643319155,
      "prediction_time": 12.815517663955688,
      "training_time": "0:00:59.253750"
    }
  },
  "Validation": {
    "report": {
      "MSE": 0.9910148978233337,
      "MAE": 0.7239073514938354,
      "MAPE": 33.74749755859375,
      "R^2": -7.3784552832763755,
      "prediction_time": 2.885099172592163
    }
  },
  "Test": {
    "report": {
      "MSE": 0.7430572509765625,
      "MAE": 0.6556168794631958,
      "MAPE": 68.96013641357422,
      "R^2": -5.400934979281698,
      "prediction_time": 3.049459457397461
    }
  }
}