{
  "Train": {
    "report": {
      "MSE": 0.8371116518974304,
      "MAE": 0.6535429358482361,
      "MAPE": 16.88275909423828,
      "R^2": -5.441280824182623,
      "prediction_time": 3.8435781002044678,
      "training_time": "0:00:26.829144"
    }
  },
  "Validation": {
    "report": {
      "MSE": 1.0449620485305786,
      "MAE": 0.7334282398223877,
      "MAPE": 21.5377254486084,
      "R^2": -7.1586256233918935,
      "prediction_time": 0.969940185546875
    }
  },
  "Test": {
    "report": {
      "MSE": 0.7594718933105469,
      "MAE": 0.6531687378883362,
      "MAPE": 20.899564743041992,
      "R^2": -4.934492725713326,
      "prediction_time": 0.9112069606781006
    }
  }
}