{
  "Train": {
    "report": {
      "MSE": 0.04755493998527527,
      "MAE": 0.11167653650045395,
      "MAPE": 0.875947892665863,
      "R^2": 0.9498322360320023,
      "prediction_time": 30.267818212509155,
      "training_time": "0:09:29.318924"
    }
  },
  "Validation": {
    "report": {
      "MSE": 0.046713441610336304,
      "MAE": 0.11265317350625992,
      "MAPE": 0.7733156681060791,
      "R^2": 0.9511752738020088,
      "prediction_time": 7.708091974258423
    }
  },
  "Test": {
    "report": {
      "MSE": 0.05706845968961716,
      "MAE": 0.11047780513763428,
      "MAPE": 0.8870111107826233,
      "R^2": 0.9381382922642336,
      "prediction_time": 16.104175329208374
    }
  }
}