{
  "Train": {
    "report": {
      "MSE": 0.6044465899467468,
      "MAE": 0.5096321105957031,
      "MAPE": 4.361833095550537,
      "R^2": -0.5441834214758849,
      "prediction_time": 9.174971342086792,
      "training_time": "0:02:46.959533"
    }
  },
  "Validation": {
    "report": {
      "MSE": 0.6249822378158569,
      "MAE": 0.5219048857688904,
      "MAPE": 4.042206287384033,
      "R^2": -0.6105012251924331,
      "prediction_time": 1.6661927700042725
    }
  },
  "Test": {
    "report": {
      "MSE": 0.5888681411743164,
      "MAE": 0.5060088038444519,
      "MAPE": 3.7751312255859375,
      "R^2": -0.5126201320596226,
      "prediction_time": 3.8575124740600586
    }
  }
}