{
  "Train": {
    "report": {
      "MSE": 0.7029086351394653,
      "MAE": 0.5817176699638367,
      "MAPE": 43.4284553527832,
      "R^2": -1.9578056824674928,
      "prediction_time": 14.50025486946106,
      "training_time": "0:02:25.389211"
    }
  },
  "Validation": {
    "report": {
      "MSE": 0.9788635969161987,
      "MAE": 0.706041693687439,
      "MAPE": 58.5401496887207,
      "R^2": -3.241255295252663,
      "prediction_time": 3.5096139907836914
    }
  },
  "Test": {
    "report": {
      "MSE": 0.7384729385375977,
      "MAE": 0.6392084956169128,
      "MAPE": 44.44801712036133,
      "R^2": -2.2512048341351747,
      "prediction_time": 3.473799228668213
    }
  }
}