{
  "Train": {
    "report": {
      "MSE": 0.9487398266792297,
      "MAE": 0.6928407549858093,
      "MAPE": 20.189287185668945,
      "R^2": -3.485604091992336,
      "prediction_time": 14.592963933944702,
      "training_time": "0:03:31.547741"
    }
  },
  "Validation": {
    "report": {
      "MSE": 0.9328194856643677,
      "MAE": 0.6906076669692993,
      "MAPE": 13.949564933776855,
      "R^2": -3.3642221878670497,
      "prediction_time": 3.3539066314697266
    }
  },
  "Test": {
    "report": {
      "MSE": 0.9517917037010193,
      "MAE": 0.6954915523529053,
      "MAPE": 7.856635093688965,
      "R^2": -3.411153375547012,
      "prediction_time": 3.437380790710449
    }
  }
}