{
  "Train": {
    "report": {
      "MSE": 0.05092296376824379,
      "MAE": 0.11572390794754028,
      "MAPE": 4.156771183013916,
      "R^2": 0.9451063299417207,
      "prediction_time": 26.635802745819092,
      "training_time": "0:14:34.785543"
    }
  },
  "Validation": {
    "report": {
      "MSE": 0.04801754280924797,
      "MAE": 0.11576800793409348,
      "MAPE": 0.9531427621841431,
      "R^2": 0.949220152441041,
      "prediction_time": 5.579645156860352
    }
  },
  "Test": {
    "report": {
      "MSE": 0.05763136222958565,
      "MAE": 0.11368321627378464,
      "MAPE": 0.8875623941421509,
      "R^2": 0.9368101488215755,
      "prediction_time": 13.979613542556763
    }
  }
}