{
  "Train": {
    "report": {
      "MSE": 1.276318044653244,
      "MAE": 0.7673212528401351,
      "MAPE": 4.9429155758070715,
      "R^2": -0.27972726892610233,
      "prediction_time": 0.00038743019104003906,
      "training_time": 0.007107734680175781
    }
  },
  "Test": {
    "report": {
      "MSE": 1.2880973350708993,
      "MAE": 0.7701669027198726,
      "MAPE": 2.5283890251510908,
      "R^2": -0.28415082619596976,
      "prediction_time": 8.225440979003906e-05
    }
  }
}