{
  "Train": {
    "report": {
      "MSE": 0.7510422468185425,
      "MAE": 0.5967140793800354,
      "MAPE": 13.050615310668945,
      "R^2": -2.4885090161239463,
      "prediction_time": 15.074141502380371,
      "training_time": "0:02:50.944646"
    }
  },
  "Validation": {
    "report": {
      "MSE": 1.0255411863327026,
      "MAE": 0.7205809950828552,
      "MAPE": 14.060103416442871,
      "R^2": -3.7223613799846333,
      "prediction_time": 3.5672531127929688
    }
  },
  "Test": {
    "report": {
      "MSE": 0.7419517040252686,
      "MAE": 0.6358656883239746,
      "MAPE": 14.884551048278809,
      "R^2": -2.582917358375426,
      "prediction_time": 3.54874849319458
    }
  }
}