{
  "Train": {
    "report": {
      "MSE": 0.6244239211082458,
      "MAE": 0.5194602608680725,
      "MAPE": 3.8695905208587646,
      "R^2": -0.7844190679274465,
      "prediction_time": 10.80464506149292,
      "training_time": "0:01:23.646847"
    }
  },
  "Validation": {
    "report": {
      "MSE": 0.6464259028434753,
      "MAE": 0.5314886569976807,
      "MAPE": 4.80024528503418,
      "R^2": -0.8620178325892622,
      "prediction_time": 2.8775415420532227
    }
  },
  "Test": {
    "report": {
      "MSE": 0.6075182557106018,
      "MAE": 0.5148125886917114,
      "MAPE": 4.210536003112793,
      "R^2": -0.7436152764788662,
      "prediction_time": 5.862415313720703
    }
  }
}