{
  "Train": {
    "report": {
      "MSE": 0.9867334365844727,
      "MAE": 0.6905110478401184,
      "MAPE": 18.363313674926758,
      "R^2": -5.337381100682834,
      "prediction_time": 49.250789403915405,
      "training_time": "0:13:43.495179"
    }
  },
  "Validation": {
    "report": {
      "MSE": 0.9866355061531067,
      "MAE": 0.6953613758087158,
      "MAPE": 29.890424728393555,
      "R^2": -5.473610247263774,
      "prediction_time": 10.656155586242676
    }
  },
  "Test": {
    "report": {
      "MSE": 1.0002442598342896,
      "MAE": 0.6991311311721802,
      "MAPE": 16.05484962463379,
      "R^2": -5.3176048803915865,
      "prediction_time": 10.829044818878174
    }
  }
}