{
  "Train": {
    "report": {
      "MSE": 0.04596196860074997,
      "MAE": 0.1094176396727562,
      "MAPE": 1.3686240911483765,
      "R^2": 0.9491327297841595,
      "prediction_time": 28.90573239326477,
      "training_time": "0:12:26.972252"
    }
  },
  "Validation": {
    "report": {
      "MSE": 0.04370143264532089,
      "MAE": 0.10949908941984177,
      "MAPE": 1.5722275972366333,
      "R^2": 0.9522102415172776,
      "prediction_time": 7.582008361816406
    }
  },
  "Test": {
    "report": {
      "MSE": 0.05319000035524368,
      "MAE": 0.10753720253705978,
      "MAPE": 3.3777315616607666,
      "R^2": 0.9396527499312173,
      "prediction_time": 15.73331069946289
    }
  }
}