{
  "Train": {
    "report": {
      "MSE": 0.5742578506469727,
      "MAE": 0.4797934889793396,
      "MAPE": 7.920938968658447,
      "R^2": -0.0880941920316709,
      "prediction_time": 34.10066747665405,
      "training_time": "0:07:15.615225"
    }
  },
  "Validation": {
    "report": {
      "MSE": 0.5863734483718872,
      "MAE": 0.4884401559829712,
      "MAPE": 4.487533092498779,
      "R^2": -0.11618731323771159,
      "prediction_time": 9.22460150718689
    }
  },
  "Test": {
    "report": {
      "MSE": 0.5589810013771057,
      "MAE": 0.47479867935180664,
      "MAPE": 5.229976654052734,
      "R^2": -0.06740138856492339,
      "prediction_time": 19.0231716632843
    }
  }
}