{
  "Train": {
    "report": {
      "MSE": 0.6109879612922668,
      "MAE": 0.5117425322532654,
      "MAPE": 2.616785764694214,
      "R^2": -0.6595592163624264,
      "prediction_time": 10.310840845108032,
      "training_time": "0:01:53.087539"
    }
  },
  "Validation": {
    "report": {
      "MSE": 0.6300933361053467,
      "MAE": 0.5233010053634644,
      "MAPE": 2.709913969039917,
      "R^2": -0.7251208141710668,
      "prediction_time": 2.824286937713623
    }
  },
  "Test": {
    "report": {
      "MSE": 0.5940220355987549,
      "MAE": 0.5076197385787964,
      "MAPE": 2.7959041595458984,
      "R^2": -0.623706652125241,
      "prediction_time": 5.813539981842041
    }
  }
}