{
  "Train": {
    "report": {
      "MSE": 0.8121273517608643,
      "MAE": 0.63747239112854,
      "MAPE": 25.586158752441406,
      "R^2": -3.6137664805222407,
      "prediction_time": 12.762301683425903,
      "training_time": "0:02:37.432745"
    }
  },
  "Validation": {
    "report": {
      "MSE": 1.0259630680084229,
      "MAE": 0.7264822125434875,
      "MAPE": 61.196590423583984,
      "R^2": -4.724553095780819,
      "prediction_time": 2.9671292304992676
    }
  },
  "Test": {
    "report": {
      "MSE": 0.7503659129142761,
      "MAE": 0.645684540271759,
      "MAPE": 22.280384063720703,
      "R^2": -3.356549797982095,
      "prediction_time": 3.0031161308288574
    }
  }
}