{
  "Train": {
    "report": {
      "MSE": 0.7839926481246948,
      "MAE": 0.6384389400482178,
      "MAPE": 10.77492904663086,
      "R^2": -2.8065806435415985,
      "prediction_time": 3.87127685546875,
      "training_time": "0:00:35.656423"
    }
  },
  "Validation": {
    "report": {
      "MSE": 0.9811007976531982,
      "MAE": 0.7200526595115662,
      "MAPE": 10.77872371673584,
      "R^2": -3.8305629877863927,
      "prediction_time": 0.9168682098388672
    }
  },
  "Test": {
    "report": {
      "MSE": 0.7358099222183228,
      "MAE": 0.6473466157913208,
      "MAPE": 11.534900665283203,
      "R^2": -2.692070932571336,
      "prediction_time": 0.9051656723022461
    }
  }
}