{
  "Train": {
    "report": {
      "MSE": 0.5021291797475632,
      "MAE": 0.5422100656066814,
      "MAPE": 5.667319388722915,
      "R^2": 0.4829246075311774,
      "prediction_time": 0.5992763042449951,
      "training_time": 1.9556193351745605
    }
  },
  "Test": {
    "report": {
      "MSE": 0.5980334017444133,
      "MAE": 0.6059582868587509,
      "MAPE": 5.220105592797986,
      "R^2": 0.31326232592251935,
      "prediction_time": 0.12180972099304199
    }
  }
}