{
  "Train": {
    "report": {
      "MSE": 0.985872209072113,
      "MAE": 0.6978527307510376,
      "MAPE": 13.971619606018066,
      "R^2": -4.451486174036834,
      "prediction_time": 16.10306453704834,
      "training_time": "0:01:32.803712"
    }
  },
  "Validation": {
    "report": {
      "MSE": 0.9681294560432434,
      "MAE": 0.695236086845398,
      "MAPE": 12.558354377746582,
      "R^2": -4.358779848145537,
      "prediction_time": 3.6228737831115723
    }
  },
  "Test": {
    "report": {
      "MSE": 0.9865270853042603,
      "MAE": 0.7004857063293457,
      "MAPE": 11.144878387451172,
      "R^2": -4.38469907218752,
      "prediction_time": 3.707460641860962
    }
  }
}