{
  "Train": {
    "report": {
      "MSE": 0.5856991410255432,
      "MAE": 0.4827989339828491,
      "MAPE": 2.6981122493743896,
      "R^2": -0.12251681502337619,
      "prediction_time": 183.76139307022095,
      "training_time": "0:05:45.046126"
    }
  },
  "Validation": {
    "report": {
      "MSE": 0.5992302894592285,
      "MAE": 0.4915491044521332,
      "MAPE": 2.680389404296875,
      "R^2": -0.15361438740728373,
      "prediction_time": 13.251346588134766
    }
  },
  "Test": {
    "report": {
      "MSE": 0.5704637169837952,
      "MAE": 0.47794845700263977,
      "MAPE": 2.9424374103546143,
      "R^2": -0.10411076745299086,
      "prediction_time": 22.615558862686157
    }
  }
}