{
  "Train": {
    "report": {
      "MSE": 0.9816879630088806,
      "MAE": 0.7039797902107239,
      "MAPE": 12.618102073669434,
      "R^2": -3.1614710276912925,
      "prediction_time": 14.652244567871094,
      "training_time": "0:02:01.838726"
    }
  },
  "Validation": {
    "report": {
      "MSE": 0.9567738175392151,
      "MAE": 0.699426531791687,
      "MAPE": 13.70433521270752,
      "R^2": -3.0518469352157176,
      "prediction_time": 3.4724268913269043
    }
  },
  "Test": {
    "report": {
      "MSE": 0.982237696647644,
      "MAE": 0.7068943977355957,
      "MAPE": 12.24998950958252,
      "R^2": -3.0887873682836204,
      "prediction_time": 3.510063886642456
    }
  }
}