{
  "Train": {
    "report": {
      "MSE": 0.5734952092170715,
      "MAE": 0.47532376646995544,
      "MAPE": 10.355450630187988,
      "R^2": -0.011776034727689177,
      "prediction_time": 37.022088289260864,
      "training_time": "0:07:23.735901"
    }
  },
  "Validation": {
    "report": {
      "MSE": 0.5864672660827637,
      "MAE": 0.48467421531677246,
      "MAPE": 6.945038795471191,
      "R^2": -0.039801411969911715,
      "prediction_time": 10.231635808944702
    }
  },
  "Test": {
    "report": {
      "MSE": 0.559568464756012,
      "MAE": 0.4711180627346039,
      "MAPE": 5.136363506317139,
      "R^2": 0.0029220596432254498,
      "prediction_time": 21.086824893951416
    }
  }
}