{
  "Train": {
    "report": {
      "MSE": 0.8034622388703362,
      "MAE": 0.7166747234763947,
      "MAPE": 4.639090765712013,
      "R^2": 0.1943916009476021,
      "prediction_time": 0.9934005737304688,
      "training_time": 15.895859479904175
    }
  },
  "Test": {
    "report": {
      "MSE": 0.8334248179135839,
      "MAE": 0.7285652486668991,
      "MAPE": 1.8009737370902474,
      "R^2": 0.16912865250431852,
      "prediction_time": 0.16974449157714844
    }
  }
}