{
  "Train": {
    "report": {
      "MSE": 0.033091165125370026,
      "MAE": 0.09267271310091019,
      "MAPE": 0.9844297170639038,
      "R^2": 0.9671582387625317,
      "prediction_time": 35.43137526512146,
      "training_time": "0:14:05.706794"
    }
  },
  "Validation": {
    "report": {
      "MSE": 0.03173474594950676,
      "MAE": 0.09341391175985336,
      "MAPE": 0.7898635268211365,
      "R^2": 0.9691237191171045,
      "prediction_time": 10.967931032180786
    }
  },
  "Test": {
    "report": {
      "MSE": 0.04366946592926979,
      "MAE": 0.09339066594839096,
      "MAPE": 1.0939843654632568,
      "R^2": 0.9556794302207392,
      "prediction_time": 22.571279287338257
    }
  }
}