{
  "Train": {
    "report": {
      "MSE": 0.758333683013916,
      "MAE": 0.5185779333114624,
      "MAPE": 3.4008567333221436,
      "R^2": -0.48795337292371954,
      "prediction_time": 11.338224172592163,
      "training_time": "0:01:24.151872"
    }
  },
  "Validation": {
    "report": {
      "MSE": 0.6289682984352112,
      "MAE": 0.5286092758178711,
      "MAPE": 4.2643327713012695,
      "R^2": -0.7418225961011382,
      "prediction_time": 2.9275190830230713
    }
  },
  "Test": {
    "report": {
      "MSE": 0.7270106673240662,
      "MAE": 0.5142377018928528,
      "MAPE": 4.025154113769531,
      "R^2": -0.4728686403946363,
      "prediction_time": 6.173589468002319
    }
  }
}