{
  "Train": {
    "report": {
      "MSE": 0.5397254228591919,
      "MAE": 0.4593966603279114,
      "MAPE": 8.01185417175293,
      "R^2": -0.512491224991303,
      "prediction_time": 3.933919906616211,
      "training_time": "0:00:59.162838"
    }
  },
  "Validation": {
    "report": {
      "MSE": 0.9638195037841797,
      "MAE": 0.6848205327987671,
      "MAPE": 8.898760795593262,
      "R^2": -1.7370687054537743,
      "prediction_time": 0.9674816131591797
    }
  },
  "Test": {
    "report": {
      "MSE": 0.7340550422668457,
      "MAE": 0.6156324744224548,
      "MAPE": 9.807703971862793,
      "R^2": -1.1170424903913343,
      "prediction_time": 0.9681391716003418
    }
  }
}