{
  "Train": {
    "report": {
      "MSE": 0.2921438217163086,
      "MAE": 0.3198874592781067,
      "MAPE": 12.363787651062012,
      "R^2": 0.49260992725094754,
      "prediction_time": 4.115673065185547,
      "training_time": "0:01:10.298591"
    }
  },
  "Validation": {
    "report": {
      "MSE": 0.8923861980438232,
      "MAE": 0.6346360445022583,
      "MAPE": 11.973177909851074,
      "R^2": -0.5285167823127503,
      "prediction_time": 1.0113489627838135
    }
  },
  "Test": {
    "report": {
      "MSE": 0.6978774070739746,
      "MAE": 0.5769073367118835,
      "MAPE": 16.337190628051758,
      "R^2": -0.2444575632255368,
      "prediction_time": 1.0030596256256104
    }
  }
}