{
  "Train": {
    "report": {
      "MSE": 0.619682252407074,
      "MAE": 0.5136392116546631,
      "MAPE": 8.727170944213867,
      "R^2": -0.7872084089101989,
      "prediction_time": 10.957658290863037,
      "training_time": "0:01:46.067564"
    }
  },
  "Validation": {
    "report": {
      "MSE": 0.6415011286735535,
      "MAE": 0.5262497663497925,
      "MAPE": 6.769115447998047,
      "R^2": -0.8625162033764449,
      "prediction_time": 2.821179151535034
    }
  },
  "Test": {
    "report": {
      "MSE": 0.6029418110847473,
      "MAE": 0.5093103051185608,
      "MAPE": 4.5123677253723145,
      "R^2": -0.7486160733044216,
      "prediction_time": 5.75590181350708
    }
  }
}