{
  "Train": {
    "report": {
      "MSE": 1.0000462532043457,
      "MAE": 0.6989585757255554,
      "MAPE": 21.644397735595703,
      "R^2": -6.3612890655382275,
      "prediction_time": 14.394925355911255,
      "training_time": "0:04:06.281454"
    }
  },
  "Validation": {
    "report": {
      "MSE": 0.9800752401351929,
      "MAE": 0.6964014768600464,
      "MAPE": 19.04153060913086,
      "R^2": -6.114311107636827,
      "prediction_time": 3.438084602355957
    }
  },
  "Test": {
    "report": {
      "MSE": 1.0033904314041138,
      "MAE": 0.702176034450531,
      "MAPE": 18.403297424316406,
      "R^2": -6.2651229646931315,
      "prediction_time": 3.324430465698242
    }
  }
}