{
  "Train": {
    "report": {
      "MSE": 0.9020121693611145,
      "MAE": 0.6854162216186523,
      "MAPE": 13.842122077941895,
      "R^2": -2.7546658774951114,
      "prediction_time": 87.63926076889038,
      "training_time": "1:48:19.088563"
    }
  },
  "Validation": {
    "report": {
      "MSE": 0.9059043526649475,
      "MAE": 0.688079297542572,
      "MAPE": 10.093144416809082,
      "R^2": -2.7439180286076845,
      "prediction_time": 19.769521236419678
    }
  },
  "Test": {
    "report": {
      "MSE": 0.9165643453598022,
      "MAE": 0.6951348185539246,
      "MAPE": 11.612753868103027,
      "R^2": -2.7555969153058752,
      "prediction_time": 19.05430245399475
    }
  }
}