{
  "Train": {
    "report": {
      "MSE": 0.5817081332206726,
      "MAE": 0.49192866683006287,
      "MAPE": 8.41385555267334,
      "R^2": -0.08856396223135565,
      "prediction_time": 43.99337196350098,
      "training_time": "0:02:45.147814"
    }
  },
  "Validation": {
    "report": {
      "MSE": 0.5936543345451355,
      "MAE": 0.5004155039787292,
      "MAPE": 6.6324872970581055,
      "R^2": -0.1117623645339818,
      "prediction_time": 9.714983940124512
    }
  },
  "Test": {
    "report": {
      "MSE": 0.5667597055435181,
      "MAE": 0.4871302843093872,
      "MAPE": 27.968629837036133,
      "R^2": -0.06819919337551617,
      "prediction_time": 21.52491784095764
    }
  }
}