{
  "Train": {
    "report": {
      "MSE": 0.6168109774589539,
      "MAE": 0.5073615908622742,
      "MAPE": 11.776612281799316,
      "R^2": -0.9980389524199988,
      "prediction_time": 3.948423147201538,
      "training_time": "0:00:56.301491"
    }
  },
  "Validation": {
    "report": {
      "MSE": 0.9827519655227661,
      "MAE": 0.6934430003166199,
      "MAPE": 15.473316192626953,
      "R^2": -2.185357257419511,
      "prediction_time": 0.9597885608673096
    }
  },
  "Test": {
    "report": {
      "MSE": 0.7267000079154968,
      "MAE": 0.6165350675582886,
      "MAPE": 11.656359672546387,
      "R^2": -1.447783512900684,
      "prediction_time": 0.9459958076477051
    }
  }
}