{
  "Train": {
    "report": {
      "MSE": 0.8033655881881714,
      "MAE": 0.6290448307991028,
      "MAPE": 29.601573944091797,
      "R^2": -4.827081285631203,
      "prediction_time": 3.9206295013427734,
      "training_time": "0:00:18.601951"
    }
  },
  "Validation": {
    "report": {
      "MSE": 1.0245965719223022,
      "MAE": 0.7244118452072144,
      "MAPE": 22.635820388793945,
      "R^2": -6.618459189079149,
      "prediction_time": 0.9523200988769531
    }
  },
  "Test": {
    "report": {
      "MSE": 0.7463382482528687,
      "MAE": 0.6446971297264099,
      "MAPE": 30.07657241821289,
      "R^2": -4.552307671072906,
      "prediction_time": 0.9058263301849365
    }
  }
}