{
  "Train": {
    "report": {
      "MSE": 0.5893757343292236,
      "MAE": 0.48143261671066284,
      "MAPE": 3.4094059467315674,
      "R^2": 0.026485441315680314,
      "prediction_time": 37.818655014038086,
      "training_time": "0:07:25.916804"
    }
  },
  "Validation": {
    "report": {
      "MSE": 0.5990188121795654,
      "MAE": 0.4892350137233734,
      "MAPE": 3.7698605060577393,
      "R^2": 0.0072614605858273285,
      "prediction_time": 9.352932453155518
    }
  },
  "Test": {
    "report": {
      "MSE": 0.5756417512893677,
      "MAE": 0.47746285796165466,
      "MAPE": 3.207902431488037,
      "R^2": 0.04107535399329332,
      "prediction_time": 20.788735389709473
    }
  }
}