{
  "Train": {
    "report": {
      "MSE": 0.6377983093261719,
      "MAE": 0.5173576474189758,
      "MAPE": 5.005706787109375,
      "R^2": -0.9395670038265049,
      "prediction_time": 10.619088649749756,
      "training_time": "0:00:52.870904"
    }
  },
  "Validation": {
    "report": {
      "MSE": 0.6498925089836121,
      "MAE": 0.528601884841919,
      "MAPE": 5.743973731994629,
      "R^2": -1.038736874836379,
      "prediction_time": 2.869611978530884
    }
  },
  "Test": {
    "report": {
      "MSE": 0.6160040497779846,
      "MAE": 0.5125876069068909,
      "MAPE": 4.526910305023193,
      "R^2": -0.8970470331946923,
      "prediction_time": 5.704094886779785
    }
  }
}