{
  "Train": {
    "report": {
      "MSE": 0.6942095756530762,
      "MAE": 0.5614951848983765,
      "MAPE": 11.528250694274902,
      "R^2": -1.7816075293504734,
      "prediction_time": 3.8992714881896973,
      "training_time": "0:00:48.412294"
    }
  },
  "Validation": {
    "report": {
      "MSE": 0.993346095085144,
      "MAE": 0.7054505348205566,
      "MAPE": 17.692087173461914,
      "R^2": -2.9896763222288416,
      "prediction_time": 0.9846811294555664
    }
  },
  "Test": {
    "report": {
      "MSE": 0.7200550436973572,
      "MAE": 0.6249156594276428,
      "MAPE": 13.42667007446289,
      "R^2": -1.969668581028729,
      "prediction_time": 0.9518685340881348
    }
  }
}