{
  "Train": {
    "report": {
      "MSE": 0.5480837821960449,
      "MAE": 0.4413665533065796,
      "MAPE": 16.99894142150879,
      "R^2": -0.33185543271860074,
      "prediction_time": 50.2922101020813,
      "training_time": "0:09:07.178502"
    }
  },
  "Validation": {
    "report": {
      "MSE": 0.5627118349075317,
      "MAE": 0.4518791735172272,
      "MAPE": 15.619091033935547,
      "R^2": -0.38452352770334164,
      "prediction_time": 12.526956558227539
    }
  },
  "Test": {
    "report": {
      "MSE": 0.5321621298789978,
      "MAE": 0.4376594126224518,
      "MAPE": 14.162181854248047,
      "R^2": -0.3135809176967952,
      "prediction_time": 23.337244987487793
    }
  }
}