{
  "Train": {
    "report": {
      "MSE": 0.7110524773597717,
      "MAE": 0.5845842361450195,
      "MAPE": 14.079827308654785,
      "R^2": -2.2181693631460098,
      "prediction_time": 13.112934589385986,
      "training_time": "0:01:48.453925"
    }
  },
  "Validation": {
    "report": {
      "MSE": 0.9622575640678406,
      "MAE": 0.6963174939155579,
      "MAPE": 14.89597225189209,
      "R^2": -3.3468739325682293,
      "prediction_time": 3.1614084243774414
    }
  },
  "Test": {
    "report": {
      "MSE": 0.7173284888267517,
      "MAE": 0.6295457482337952,
      "MAPE": 11.202066421508789,
      "R^2": -2.4234928431579474,
      "prediction_time": 3.0811827182769775
    }
  }
}