{
  "Train": {
    "report": {
      "MSE": 0.5714735388755798,
      "MAE": 0.4746702015399933,
      "MAPE": 6.463109016418457,
      "R^2": -0.051195447473094235,
      "prediction_time": 37.08070778846741,
      "training_time": "0:07:35.170799"
    }
  },
  "Validation": {
    "report": {
      "MSE": 0.5839483141899109,
      "MAE": 0.48409304022789,
      "MAPE": 5.461753845214844,
      "R^2": -0.07942740794684999,
      "prediction_time": 9.419101238250732
    }
  },
  "Test": {
    "report": {
      "MSE": 0.5569010972976685,
      "MAE": 0.47022175788879395,
      "MAPE": 7.862236976623535,
      "R^2": -0.033154740441526,
      "prediction_time": 19.475361824035645
    }
  }
}