{
  "Train": {
    "report": {
      "MSE": 0.9924296736717224,
      "MAE": 0.6998562216758728,
      "MAPE": 14.658212661743164,
      "R^2": -4.714918412671445,
      "prediction_time": 54.57209300994873,
      "training_time": "0:06:20.278028"
    }
  },
  "Validation": {
    "report": {
      "MSE": 0.9857399463653564,
      "MAE": 0.7005618810653687,
      "MAPE": 13.07589340209961,
      "R^2": -4.696916819786396,
      "prediction_time": 12.0266273021698
    }
  },
  "Test": {
    "report": {
      "MSE": 1.0022486448287964,
      "MAE": 0.7060297131538391,
      "MAPE": 21.168039321899414,
      "R^2": -4.61450209592672,
      "prediction_time": 12.223539590835571
    }
  }
}