{
  "Train": {
    "report": {
      "MSE": 0.9530109763145447,
      "MAE": 0.6935765147209167,
      "MAPE": 15.133146286010742,
      "R^2": -4.7931397246433205,
      "prediction_time": 56.01467275619507,
      "training_time": "0:08:38.312884"
    }
  },
  "Validation": {
    "report": {
      "MSE": 0.9467259049415588,
      "MAE": 0.6952225565910339,
      "MAPE": 29.59194564819336,
      "R^2": -4.840782563250286,
      "prediction_time": 12.252196788787842
    }
  },
  "Test": {
    "report": {
      "MSE": 0.9636507034301758,
      "MAE": 0.7004640698432922,
      "MAPE": 16.7386531829834,
      "R^2": -4.744166581382291,
      "prediction_time": 12.651606559753418
    }
  }
}