{
  "Train": {
    "report": {
      "MSE": 0.49803343415260315,
      "MAE": 0.4435277283191681,
      "MAPE": 10.22836685180664,
      "R^2": -0.196043167397433,
      "prediction_time": 13.689892530441284,
      "training_time": "0:04:26.065639"
    }
  },
  "Validation": {
    "report": {
      "MSE": 0.9374285340309143,
      "MAE": 0.671484649181366,
      "MAPE": 9.536616325378418,
      "R^2": -1.240028069928894,
      "prediction_time": 3.1144285202026367
    }
  },
  "Test": {
    "report": {
      "MSE": 0.7194911241531372,
      "MAE": 0.6098565459251404,
      "MAPE": 12.222393989562988,
      "R^2": -0.7706167688748036,
      "prediction_time": 3.0907158851623535
    }
  }
}