{
  "Train": {
    "report": {
      "MSE": 0.9787555932998657,
      "MAE": 0.7078906893730164,
      "MAPE": 35.695518493652344,
      "R^2": -9.107528688675016,
      "prediction_time": 48.26115107536316,
      "training_time": "0:03:16.318558"
    }
  },
  "Validation": {
    "report": {
      "MSE": 0.9615030884742737,
      "MAE": 0.7046802639961243,
      "MAPE": 32.73997116088867,
      "R^2": -9.110480900762981,
      "prediction_time": 9.597454071044922
    }
  },
  "Test": {
    "report": {
      "MSE": 0.9858749508857727,
      "MAE": 0.7108244895935059,
      "MAPE": 32.79523849487305,
      "R^2": -9.094830806429055,
      "prediction_time": 10.089465856552124
    }
  }
}