{
  "Train": {
    "report": {
      "MSE": 0.6280351877212524,
      "MAE": 0.5368815064430237,
      "MAPE": 9.958355903625488,
      "R^2": -0.9082287062133427,
      "prediction_time": 3.9379537105560303,
      "training_time": "0:00:34.765273"
    }
  },
  "Validation": {
    "report": {
      "MSE": 0.9501668214797974,
      "MAE": 0.6910834312438965,
      "MAPE": 13.381217002868652,
      "R^2": -1.8453607143602917,
      "prediction_time": 0.9331486225128174
    }
  },
  "Test": {
    "report": {
      "MSE": 0.7282136678695679,
      "MAE": 0.6251598000526428,
      "MAPE": 12.970132827758789,
      "R^2": -1.270988431131514,
      "prediction_time": 0.9673397541046143
    }
  }
}