{
  "Train": {
    "report": {
      "MSE": 0.9756540060043335,
      "MAE": 0.704486608505249,
      "MAPE": 13.206071853637695,
      "R^2": -5.3566288985453685,
      "prediction_time": 15.055623769760132,
      "training_time": "0:01:51.975556"
    }
  },
  "Validation": {
    "report": {
      "MSE": 0.951761782169342,
      "MAE": 0.6997406482696533,
      "MAPE": 10.78930377960205,
      "R^2": -5.178160623871144,
      "prediction_time": 3.559382438659668
    }
  },
  "Test": {
    "report": {
      "MSE": 0.9729244112968445,
      "MAE": 0.7052258253097534,
      "MAPE": 24.260997772216797,
      "R^2": -5.158651747267108,
      "prediction_time": 3.587937116622925
    }
  }
}