{
  "Train": {
    "report": {
      "MSE": 1.023200511932373,
      "MAE": 0.6995035409927368,
      "MAPE": 13.56003475189209,
      "R^2": -5.40253553166725,
      "prediction_time": 58.43479871749878,
      "training_time": "0:05:32.985227"
    }
  },
  "Validation": {
    "report": {
      "MSE": 1.0146510601043701,
      "MAE": 0.6997817158699036,
      "MAPE": 12.178937911987305,
      "R^2": -5.3665524079973,
      "prediction_time": 15.077901840209961
    }
  },
  "Test": {
    "report": {
      "MSE": 1.0310701131820679,
      "MAE": 0.7045319676399231,
      "MAPE": 14.104386329650879,
      "R^2": -5.295928054404924,
      "prediction_time": 14.13573694229126
    }
  }
}