{
  "Train": {
    "report": {
      "MSE": 0.5757173299789429,
      "MAE": 0.48222509026527405,
      "MAPE": 3.086195468902588,
      "R^2": -0.016995787440659216,
      "prediction_time": 34.213181018829346,
      "training_time": "0:07:52.876128"
    }
  },
  "Validation": {
    "report": {
      "MSE": 0.5878958702087402,
      "MAE": 0.49106743931770325,
      "MAPE": 2.5080227851867676,
      "R^2": -0.03978354919654703,
      "prediction_time": 8.810306787490845
    }
  },
  "Test": {
    "report": {
      "MSE": 0.5618910789489746,
      "MAE": 0.47814106941223145,
      "MAPE": 3.612143039703369,
      "R^2": -0.0005440383710884067,
      "prediction_time": 18.499255895614624
    }
  }
}