{
  "Train": {
    "report": {
      "MSE": 0.972413182258606,
      "MAE": 0.6972517967224121,
      "MAPE": 21.063026428222656,
      "R^2": -4.72472154535879,
      "prediction_time": 14.502579689025879,
      "training_time": "0:02:20.876908"
    }
  },
  "Validation": {
    "report": {
      "MSE": 0.9560520648956299,
      "MAE": 0.6952944397926331,
      "MAPE": 11.388699531555176,
      "R^2": -4.611725345796856,
      "prediction_time": 3.320314407348633
    }
  },
  "Test": {
    "report": {
      "MSE": 0.971971333026886,
      "MAE": 0.6987713575363159,
      "MAPE": 11.630500793457031,
      "R^2": -4.6053447145230875,
      "prediction_time": 3.4903974533081055
    }
  }
}