{
  "Train": {
    "report": {
      "MSE": 0.7768975496292114,
      "MAE": 0.6202893853187561,
      "MAPE": 12.445976257324219,
      "R^2": -5.700218474240527,
      "prediction_time": 18.959014892578125,
      "training_time": "0:01:45.758842"
    }
  },
  "Validation": {
    "report": {
      "MSE": 1.0149767398834229,
      "MAE": 0.7217960357666016,
      "MAPE": 13.477712631225586,
      "R^2": -7.8993900531452965,
      "prediction_time": 3.89530086517334
    }
  },
  "Test": {
    "report": {
      "MSE": 0.7549418807029724,
      "MAE": 0.6469298005104065,
      "MAPE": 11.327909469604492,
      "R^2": -5.967347233786478,
      "prediction_time": 6.229305982589722
    }
  }
}