{
  "Train": {
    "report": {
      "MSE": 0.7246876955032349,
      "MAE": 0.5827381610870361,
      "MAPE": 35.67515182495117,
      "R^2": -2.3919104091813543,
      "prediction_time": 14.958391666412354,
      "training_time": "0:02:06.133333"
    }
  },
  "Validation": {
    "report": {
      "MSE": 0.9989254474639893,
      "MAE": 0.7039121985435486,
      "MAPE": 50.598663330078125,
      "R^2": -3.7942562537812288,
      "prediction_time": 3.538991689682007
    }
  },
  "Test": {
    "report": {
      "MSE": 0.7443615198135376,
      "MAE": 0.6358035802841187,
      "MAPE": 38.31220626831055,
      "R^2": -2.681014745155557,
      "prediction_time": 3.342158794403076
    }
  }
}