{
  "Train": {
    "report": {
      "MSE": 0.5730202952019726,
      "MAE": 0.5282096004108215,
      "MAPE": 8.385424154947259,
      "R^2": 0.42978440206475876,
      "prediction_time": 0.5728161334991455,
      "training_time": 15.922951459884644
    }
  },
  "Test": {
    "report": {
      "MSE": 0.5664282332331936,
      "MAE": 0.528216573078087,
      "MAPE": 8.21843932478464,
      "R^2": 0.42133709021710364,
      "prediction_time": 0.2623112201690674
    }
  }
}