{
  "Train": {
    "report": {
      "MSE": 0.6000133156776428,
      "MAE": 0.5086690187454224,
      "MAPE": 5.561196804046631,
      "R^2": -0.44134509352555007,
      "prediction_time": 11.199971437454224,
      "training_time": "0:03:02.557571"
    }
  },
  "Validation": {
    "report": {
      "MSE": 0.6176682710647583,
      "MAE": 0.5200666785240173,
      "MAPE": 3.298633575439453,
      "R^2": -0.49851699986555675,
      "prediction_time": 2.933306932449341
    }
  },
  "Test": {
    "report": {
      "MSE": 0.5846940875053406,
      "MAE": 0.505963921546936,
      "MAPE": 3.4443588256835938,
      "R^2": -0.41231536382251766,
      "prediction_time": 5.85138201713562
    }
  }
}