{
  "Train": {
    "report": {
      "MSE": 0.18036270141601562,
      "MAE": 0.21629464626312256,
      "MAPE": 2.209364652633667,
      "R^2": 0.7581177245197092,
      "prediction_time": 17.32248878479004,
      "training_time": "0:05:05.011363"
    }
  },
  "Validation": {
    "report": {
      "MSE": 0.8722884654998779,
      "MAE": 0.6069095730781555,
      "MAPE": 5.832549095153809,
      "R^2": -0.16710812291416466,
      "prediction_time": 3.9411582946777344
    }
  },
  "Test": {
    "report": {
      "MSE": 0.6951571106910706,
      "MAE": 0.5505201816558838,
      "MAPE": 5.582552433013916,
      "R^2": 0.047638159594455276,
      "prediction_time": 3.876218318939209
    }
  }
}