{
  "Train": {
    "report": {
      "MSE": 0.6094855070114136,
      "MAE": 0.5098097324371338,
      "MAPE": 3.781968116760254,
      "R^2": -0.6330086019062227,
      "prediction_time": 10.809588193893433,
      "training_time": "0:01:54.029582"
    }
  },
  "Validation": {
    "report": {
      "MSE": 0.6289274096488953,
      "MAE": 0.5217351913452148,
      "MAPE": 4.107668399810791,
      "R^2": -0.69905823519424,
      "prediction_time": 2.8962831497192383
    }
  },
  "Test": {
    "report": {
      "MSE": 0.5930704474449158,
      "MAE": 0.5062527656555176,
      "MAPE": 5.976545333862305,
      "R^2": -0.5980459917538599,
      "prediction_time": 6.021555423736572
    }
  }
}