{
  "Train": {
    "report": {
      "MSE": 0.5744805932044983,
      "MAE": 0.47389692068099976,
      "MAPE": 5.359032154083252,
      "R^2": 0.007405608281460863,
      "prediction_time": 38.6851487159729,
      "training_time": "0:08:56.075529"
    }
  },
  "Validation": {
    "report": {
      "MSE": 0.5878043174743652,
      "MAE": 0.48359549045562744,
      "MAPE": 5.460939407348633,
      "R^2": -0.018555403653566005,
      "prediction_time": 9.258244752883911
    }
  },
  "Test": {
    "report": {
      "MSE": 0.5610093474388123,
      "MAE": 0.46997955441474915,
      "MAPE": 5.171123504638672,
      "R^2": 0.022107398311985715,
      "prediction_time": 20.55957531929016
    }
  }
}