{
  "Train": {
    "report": {
      "MSE": 0.9888323749258312,
      "MAE": 0.737920512833352,
      "MAPE": 4.480985036980794,
      "R^2": -0.018265635563541327,
      "prediction_time": 0.000980377197265625,
      "training_time": 0.006369829177856445
    }
  },
  "Test": {
    "report": {
      "MSE": 0.8761725829978164,
      "MAE": 0.7175228056900788,
      "MAPE": 3.3844834988527444,
      "R^2": -0.006132299606122604,
      "prediction_time": 0.0011377334594726562
    }
  }
}