{
  "Train": {
    "report": {
      "MSE": 0.0488935150206089,
      "MAE": 0.11132356524467468,
      "MAPE": 1.0107501745224,
      "R^2": 0.94886527291803,
      "prediction_time": 29.25259566307068,
      "training_time": "0:09:01.422176"
    }
  },
  "Validation": {
    "report": {
      "MSE": 0.045786309987306595,
      "MAE": 0.11135189235210419,
      "MAPE": 0.6912530064582825,
      "R^2": 0.9524801492309453,
      "prediction_time": 7.713221311569214
    }
  },
  "Test": {
    "report": {
      "MSE": 0.056383248418569565,
      "MAE": 0.10946880280971527,
      "MAPE": 0.8903278112411499,
      "R^2": 0.9396945230967345,
      "prediction_time": 15.530458688735962
    }
  }
}