{
  "Train": {
    "report": {
      "MSE": 0.686415433883667,
      "MAE": 0.576292872428894,
      "MAPE": 14.347818374633789,
      "R^2": -1.6680023678051024,
      "prediction_time": 16.987054347991943,
      "training_time": "0:02:47.429441"
    }
  },
  "Validation": {
    "report": {
      "MSE": 0.9637839794158936,
      "MAE": 0.704426109790802,
      "MAPE": 16.362764358520508,
      "R^2": -2.9258562858917783,
      "prediction_time": 4.400476694107056
    }
  },
  "Test": {
    "report": {
      "MSE": 0.7516065239906311,
      "MAE": 0.6507377028465271,
      "MAPE": 14.803674697875977,
      "R^2": -2.1193642677022946,
      "prediction_time": 3.753671169281006
    }
  }
}