{
  "Train": {
    "report": {
      "MSE": 0.049121152609586716,
      "MAE": 0.11335766315460205,
      "MAPE": 1.9202712774276733,
      "R^2": 0.9475300008135433,
      "prediction_time": 29.164392232894897,
      "training_time": "0:06:16.466970"
    }
  },
  "Validation": {
    "report": {
      "MSE": 0.0463654100894928,
      "MAE": 0.11249598860740662,
      "MAPE": 0.9344543218612671,
      "R^2": 0.9509273752962905,
      "prediction_time": 7.60655403137207
    }
  },
  "Test": {
    "report": {
      "MSE": 0.05649187043309212,
      "MAE": 0.11124218255281448,
      "MAPE": 1.287965178489685,
      "R^2": 0.9383096985841769,
      "prediction_time": 15.75632643699646
    }
  }
}