{
  "Train": {
    "report": {
      "MSE": 0.8054553866386414,
      "MAE": 0.5219515562057495,
      "MAPE": 2.0831480026245117,
      "R^2": -0.4147732631454908,
      "prediction_time": 10.91515326499939,
      "training_time": "0:00:45.423715"
    }
  },
  "Validation": {
    "report": {
      "MSE": 0.6292865872383118,
      "MAE": 0.530927836894989,
      "MAPE": 3.1483592987060547,
      "R^2": -0.6809193917902938,
      "prediction_time": 2.934102773666382
    }
  },
  "Test": {
    "report": {
      "MSE": 0.6577481031417847,
      "MAE": 0.5169326066970825,
      "MAPE": 2.0693557262420654,
      "R^2": -0.49961603518647224,
      "prediction_time": 5.922670602798462
    }
  }
}