{
  "Train": {
    "report": {
      "MSE": 0.2927849292755127,
      "MAE": 0.31824982166290283,
      "MAPE": 5.359376907348633,
      "R^2": 0.5500273448134434,
      "prediction_time": 4.470696687698364,
      "training_time": "0:00:52.668997"
    }
  },
  "Validation": {
    "report": {
      "MSE": 0.9316790699958801,
      "MAE": 0.6492670178413391,
      "MAPE": 7.740830898284912,
      "R^2": -0.4441247938188262,
      "prediction_time": 1.0852301120758057
    }
  },
  "Test": {
    "report": {
      "MSE": 0.7546370625495911,
      "MAE": 0.5936605334281921,
      "MAPE": 9.023913383483887,
      "R^2": -0.1888531192589451,
      "prediction_time": 1.0777645111083984
    }
  }
}