{
  "Train": {
    "report": {
      "MSE": 0.7641840577125549,
      "MAE": 0.6125487089157104,
      "MAPE": 19.680469512939453,
      "R^2": -3.1949459754119154,
      "prediction_time": 3.8379597663879395,
      "training_time": "0:00:45.478451"
    }
  },
  "Validation": {
    "report": {
      "MSE": 1.0016522407531738,
      "MAE": 0.7170384526252747,
      "MAPE": 27.161352157592773,
      "R^2": -4.540893381051185,
      "prediction_time": 0.9486894607543945
    }
  },
  "Test": {
    "report": {
      "MSE": 0.7443491220474243,
      "MAE": 0.6446353197097778,
      "MAPE": 17.666818618774414,
      "R^2": -3.233678704030652,
      "prediction_time": 0.9236831665039062
    }
  }
}