{
  "Train": {
    "report": {
      "MSE": 0.9875332117080688,
      "MAE": 0.7006769776344299,
      "MAPE": 30.363962173461914,
      "R^2": -4.621203777853149,
      "prediction_time": 15.659483909606934,
      "training_time": "0:01:38.306606"
    }
  },
  "Validation": {
    "report": {
      "MSE": 0.9681550860404968,
      "MAE": 0.6983340382575989,
      "MAPE": 26.439149856567383,
      "R^2": -4.465580558248855,
      "prediction_time": 3.721017360687256
    }
  },
  "Test": {
    "report": {
      "MSE": 0.9904990792274475,
      "MAE": 0.703914999961853,
      "MAPE": 12.670844078063965,
      "R^2": -4.521945640209688,
      "prediction_time": 3.7383973598480225
    }
  }
}