{
  "Train": {
    "report": {
      "MSE": 0.9980555772781372,
      "MAE": 0.6972825527191162,
      "MAPE": 14.635902404785156,
      "R^2": -5.1721412099982444,
      "prediction_time": 14.157854795455933,
      "training_time": "0:02:10.229174"
    }
  },
  "Validation": {
    "report": {
      "MSE": 0.9770350456237793,
      "MAE": 0.6947827339172363,
      "MAPE": 10.90916919708252,
      "R^2": -5.007523272638025,
      "prediction_time": 3.4401915073394775
    }
  },
  "Test": {
    "report": {
      "MSE": 0.9964905977249146,
      "MAE": 0.6991009712219238,
      "MAPE": 13.147566795349121,
      "R^2": -5.027833291754046,
      "prediction_time": 3.442336320877075
    }
  }
}