{
  "Train": {
    "report": {
      "MSE": 0.6509644389152527,
      "MAE": 0.5454940795898438,
      "MAPE": 16.667333602905273,
      "R^2": -0.5960513456041463,
      "prediction_time": 14.610671997070312,
      "training_time": "0:03:24.218542"
    }
  },
  "Validation": {
    "report": {
      "MSE": 1.010085105895996,
      "MAE": 0.7060872912406921,
      "MAPE": 16.574094772338867,
      "R^2": -1.435809401742132,
      "prediction_time": 3.3343453407287598
    }
  },
  "Test": {
    "report": {
      "MSE": 0.7652330994606018,
      "MAE": 0.6365060806274414,
      "MAPE": 15.383563995361328,
      "R^2": -0.9374367715870293,
      "prediction_time": 3.2993626594543457
    }
  }
}