{
  "Train": {
    "report": {
      "MSE": 0.8050202131271362,
      "MAE": 0.6369757056236267,
      "MAPE": 14.788226127624512,
      "R^2": -3.9466327317583216,
      "prediction_time": 14.586833000183105,
      "training_time": "0:02:18.772325"
    }
  },
  "Validation": {
    "report": {
      "MSE": 1.0183666944503784,
      "MAE": 0.722348690032959,
      "MAPE": 18.354454040527344,
      "R^2": -5.4478675001947,
      "prediction_time": 3.309736728668213
    }
  },
  "Test": {
    "report": {
      "MSE": 0.7503339648246765,
      "MAE": 0.6505928039550781,
      "MAPE": 16.48002815246582,
      "R^2": -3.808409517731384,
      "prediction_time": 3.229536533355713
    }
  }
}