{
  "Train": {
    "report": {
      "MSE": 0.05216728523373604,
      "MAE": 0.11129321157932281,
      "MAPE": 7.268197059631348,
      "R^2": 0.9435314877531606,
      "prediction_time": 29.758106470108032,
      "training_time": "0:12:22.605840"
    }
  },
  "Validation": {
    "report": {
      "MSE": 0.04785942658782005,
      "MAE": 0.11051616072654724,
      "MAPE": 1.3996660709381104,
      "R^2": 0.9489572205786198,
      "prediction_time": 7.505918264389038
    }
  },
  "Test": {
    "report": {
      "MSE": 0.0603196918964386,
      "MAE": 0.10953643918037415,
      "MAPE": 0.9024468064308167,
      "R^2": 0.9336289134442228,
      "prediction_time": 15.476016283035278
    }
  }
}