{
  "Train": {
    "report": {
      "MSE": 0.042735062539577484,
      "MAE": 0.10383347421884537,
      "MAPE": 0.8962141275405884,
      "R^2": 0.9566787658533332,
      "prediction_time": 29.912243604660034,
      "training_time": "0:12:30.062800"
    }
  },
  "Validation": {
    "report": {
      "MSE": 0.040573179721832275,
      "MAE": 0.1037992313504219,
      "MAPE": 0.9441626071929932,
      "R^2": 0.959304681193167,
      "prediction_time": 7.80568790435791
    }
  },
  "Test": {
    "report": {
      "MSE": 0.05217816308140755,
      "MAE": 0.10277511924505234,
      "MAPE": 0.8992043137550354,
      "R^2": 0.9456828542296833,
      "prediction_time": 15.912453651428223
    }
  }
}