{
  "Train": {
    "report": {
      "MSE": 0.5767722129821777,
      "MAE": 0.47624170780181885,
      "MAPE": 6.7707200050354,
      "R^2": -0.10657235207915572,
      "prediction_time": 92.53488755226135,
      "training_time": "0:13:24.518320"
    }
  },
  "Validation": {
    "report": {
      "MSE": 0.5911767482757568,
      "MAE": 0.4860379993915558,
      "MAPE": 40.56721878051758,
      "R^2": -0.1393846404928476,
      "prediction_time": 10.130008935928345
    }
  },
  "Test": {
    "report": {
      "MSE": 0.5619218349456787,
      "MAE": 0.47135111689567566,
      "MAPE": 8.103816032409668,
      "R^2": -0.08716748876280778,
      "prediction_time": 28.155173540115356
    }
  }
}